0.4670536518096924,2139.85597339535,1815.7363895133576,3602.7315481085525,0.1156558388157894,-445.9904174804688,48.93098449707031,7.282783031463623,26.07665061950684,10.302560806274414,11.275264739990234,5.242532730102539,-5.468762397766113,0.4924401640892029,9.029777526855469,-7.37999153137207,0.229567676782608,5.712546825408936,-2.5858614444732666,0.457865834236145,4.55111026763916,-2.196937084197998,1.1380149126052856,-1.8059931993484497,1.1717911958694458,unsober
0.448797345161438,2099.4340663012485,1493.9954508208298,3304.475851619945,0.1377096737132352,-382.4884033203125,64.37937927246094,10.470680236816406,31.18176651000977,21.509714126586918,7.135519504547119,4.748219966888428,-3.4454569816589355,0.0052755018696188,6.496983051300049,-10.304176330566406,0.15887451171875,4.783859252929688,-10.000370025634766,-0.9925425052642822,1.3217241764068604,-11.457653999328612,0.3510454297065735,-5.479217529296875,-0.9558493494987488,unsober
0.5048174858093262,1615.4432026193276,1499.7181023408912,2483.3400560461955,0.0947174640916149,-432.0054321289063,65.3845443725586,9.97874641418457,32.17938232421875,20.74553108215332,10.06411075592041,8.428272247314453,-4.00341796875,-1.2112715244293213,10.84397029876709,-7.0145583152771,1.5094705820083618,9.714495658874512,-4.6806840896606445,-4.0162763595581055,8.747597694396973,-3.0144073963165283,-5.616474151611328,-0.738624095916748,0.73869788646698,unsober
0.4569503962993622,1803.217501712456,1531.5032921638028,2862.400716145833,0.1044053819444444,-410.6063537597656,73.20848083496094,14.497200965881348,33.798980712890625,24.71468162536621,16.070377349853516,3.289490222930908,-3.4784581661224365,1.2700685262680054,9.36199951171875,-8.957180976867676,-1.7226648330688477,8.311878204345703,-4.557218551635742,-4.996984481811523,6.281766414642334,-4.687743186950684,-4.546844005584717,-1.8158268928527832,1.0422790050506592,unsober
0.458325058221817,1755.6393055311885,1318.1108293976504,2654.208328474813,0.1138788479477612,-400.9105529785156,76.44242095947266,11.818675994873049,32.64897537231445,24.354167938232425,16.199682235717773,8.691877365112305,-0.749656081199646,1.5508304834365845,8.738986015319824,-3.938854217529297,1.4097172021865845,7.9162445068359375,-3.977389097213745,-1.9165831804275515,6.365011215209961,-6.2473649978637695,-3.7344017028808594,-0.6633533239364624,0.884384036064148,unsober
0.4760482311248779,1812.572872689789,1322.7679446443778,2756.637287825989,0.1159615276528776,-402.7415771484375,69.21746826171875,17.804420471191406,33.94708251953125,21.484272003173828,15.668773651123049,8.267708778381348,-1.1299806833267212,-2.889002084732056,10.61421012878418,-6.7778520584106445,-0.4537024199962616,7.144416332244873,-4.400269508361816,-4.209280490875244,7.857722282409668,-6.312577247619629,-2.79043960571289,-0.5240031480789185,-0.0719488114118576,unsober
0.4494407474994659,1865.300061826168,1478.565281961984,2869.6113918138585,0.1195015285326086,-413.2576904296875,78.23641204833984,12.132952690124512,35.923553466796875,23.193605422973636,9.308846473693848,10.616662979125977,-0.9674143195152284,-1.9151062965393064,8.10692310333252,-6.6602067947387695,0.2234087884426117,3.0879647731781006,-7.181112766265869,0.3282631039619446,3.6960582733154297,-5.7039313316345215,-3.477757215499878,-1.7743579149246216,-0.6433889269828796,unsober
0.4660471677780151,1700.524667076599,1353.4654102535123,2748.8795747692952,0.1013560455117449,-415.64349365234375,64.6189193725586,20.86733627319336,31.8355770111084,18.78525161743164,22.329668045043945,7.263889789581299,0.3640124499797821,1.4361597299575806,7.155604362487793,-4.596796035766602,-3.7482926845550537,4.995114326477051,-2.8577144145965576,-5.770273685455322,3.151750087738037,-3.789753198623657,-5.854609966278076,-0.8600613474845886,-1.0978063344955444,unsober
0.4080824255943298,2149.21825515155,1520.1802862569834,3451.7142630912163,0.1386190878378378,-355.9264221191406,78.73190307617188,10.711592674255373,33.64169692993164,25.77791786193848,13.878877639770508,3.3801863193511963,-8.025227546691895,1.0061548948287964,6.182710647583008,-13.480463027954102,-1.4852086305618286,7.7169060707092285,-9.86556911468506,-4.656671524047852,4.809133052825928,-9.362582206726074,-3.8189873695373535,-1.9263370037078855,-0.1844304054975509,unsober
0.435001939535141,1981.182402353604,1477.3712384250186,3149.5373237423782,0.1250079395325203,-371.09283447265625,75.2257080078125,2.804053544998169,31.55528259277344,22.46880340576172,6.516063690185547,1.7178462743759155,-6.045161724090576,-1.673027276992798,6.673839569091797,-14.07431983947754,1.596474289894104,5.937655925750732,-11.809467315673828,-2.426449775695801,6.872972011566162,-9.29782009124756,-4.883678913116455,-0.4596876800060272,-2.11163067817688,unsober
0.5259485840797424,2519.1887681986364,2477.541495378573,5110.599267221715,0.1144502737226277,-368.5867919921875,82.97029113769531,4.731984615325928,31.259700775146484,16.958101272583008,3.847242832183838,1.8432470560073853,7.134498119354248,-7.874667644500732,6.548295497894287,0.7677844166755676,2.083800792694092,3.2241973876953125,1.9936192035675049,-4.5288801193237305,9.108613014221191,-7.724356174468994,1.9227133989334104,2.988624095916748,6.178711414337158,unsober
0.5388174057006836,2222.8212440314023,2381.4375961577825,4652.63671875,0.0969753135629251,-393.8710632324219,90.8147964477539,12.0402250289917,38.33269500732422,12.181967735290527,6.606781005859375,4.346389293670654,7.408951282501221,-5.995627880096436,8.55480670928955,1.1435446739196775,4.057186126708984,-3.841395854949951,-2.2476840019226074,-1.8090201616287231,10.194011688232422,-10.405519485473633,0.9145240187644958,-1.5789674520492554,7.485715389251709,unsober
0.5275139212608337,2347.8291738526173,2402.194080766728,4888.037109375,0.1053860572076613,-358.7647705078125,86.20250701904297,9.197397232055664,36.47187042236328,15.367411613464355,2.4923369884490967,4.134140968322754,7.349965572357178,-10.421199798583984,4.754681587219238,-0.8047658205032349,3.1992316246032715,-0.9051328897476196,-3.819058895111084,-0.7117997407913208,4.903289794921875,-8.182459831237793,0.2792756855487823,2.189961194992065,5.569154739379883,unsober
0.5179404616355896,2335.0228363905267,2419.662335448236,4882.370476973684,0.1020177396616541,-371.1235046386719,87.23638916015625,9.053593635559082,35.534061431884766,15.145386695861816,4.7614850997924805,2.861022472381592,5.762360095977783,-11.427374839782717,7.930016040802002,-2.4529337882995605,2.6510672569274902,-0.5343301892280579,-3.201965093612671,-1.862944841384888,5.6936774253845215,-8.523772239685059,1.7240374088287354,1.333912014961243,4.840227127075195,unsober
0.5420413017272949,2455.7601618213685,2486.974466602839,5132.277889702264,0.1121701218011811,-374.5984191894531,83.95266723632812,9.109556198120115,37.36210250854492,12.714856147766112,5.076906204223633,5.318983554840088,6.826658725738525,-9.197067260742188,5.495608329772949,-0.1630242764949798,5.549414157867432,0.0023199818097054,-4.276902198791504,-1.133028268814087,7.027615547180176,-10.287121772766112,1.2028785943984983,-1.14341402053833,6.754148960113525,unsober
0.5574950575828552,2473.1207009619334,2519.576486393868,5217.041015625,0.1089465082908163,-413.1758117675781,83.05867004394531,10.51842975616455,35.991493225097656,12.687556266784668,5.518915176391602,6.457989692687988,9.657691955566406,-7.968487739562988,5.890522003173828,1.852585792541504,3.859984159469605,1.0396387577056885,-2.251222848892212,-1.479761004447937,6.769797801971436,-7.243695735931396,0.4336338639259338,-0.529064953327179,4.988604545593262,unsober
0.5145038366317749,2352.983922295695,2495.973805053939,5058.745301444576,0.1018972336871069,-400.7016906738281,89.76660919189453,12.602774620056152,33.20975112915039,10.652536392211914,4.612714767456055,6.670446872711182,7.244587421417236,-9.636858940124512,4.660907745361328,0.8090532422065735,1.531111240386963,0.8989608883857727,-3.3323004245758057,-1.6002901792526243,6.256974697113037,-8.196015357971191,0.7739937901496887,0.6975802779197693,5.947511196136475,unsober
0.5062999129295349,2296.750143063277,2405.44618671075,4771.219482421875,0.1091622488839285,-363.1570739746094,90.78618621826172,7.940589904785156,35.03898239135742,12.63450527191162,3.497513771057129,3.637145519256592,7.385606288909912,-7.828615188598633,6.229341506958008,-1.6463764905929563,2.742501974105835,-1.8665226697921755,-5.356240272521973,-0.5093643665313721,5.501027584075928,-10.420174598693848,2.5359740257263184,-0.1691587269306183,5.916818618774414,unsober
0.5479432940483093,2529.478787082534,2538.9969255445058,5290.336745689655,0.1160796066810344,-388.9050598144531,81.86601257324219,12.199440002441406,36.09881591796875,11.46784496307373,3.732323408126831,5.986308574676514,6.966372489929199,-7.038886547088623,7.537829399108887,-1.0246293544769287,3.5554165840148926,-2.7147936820983887,-3.3859758377075195,-0.3257436156272888,5.939518928527832,-9.36200714111328,1.4193453788757324,-1.5244534015655518,5.8553667068481445,unsober
0.5626950860023499,2414.1906485630616,2544.488936968078,5163.86126038656,0.1056014044436416,-409.4128112792969,84.00250244140625,14.653213500976562,37.546043395996094,13.446609497070312,2.0082571506500244,7.052184581756592,7.251257419586182,-6.782425403594971,4.905212879180908,0.0369118936359882,2.2432360649108887,0.9836533665657043,-3.935009479522705,0.8788610696792603,6.276210308074951,-8.453291893005371,1.8285695314407349,-2.616160154342652,5.141959190368652,unsober
0.5371163487434387,2140.89640276549,2472.549080748131,4595.54443359375,0.0746634347098214,-380.1012878417969,69.58306884765625,26.15884780883789,31.33126640319824,21.35939216613769,12.408610343933104,12.921469688415527,11.588434219360352,0.5545080304145813,6.030750274658203,-1.7761781215667725,8.988895416259766,1.6853523254394531,5.263075351715088,4.735198020935059,4.670718193054199,-1.7997281551361084,6.723202705383301,1.0653196573257446,5.384283065795898,sober
0.5234100818634033,1954.6757237787813,2300.19052677276,4046.791368849734,0.0754862034574468,-405.6496887207031,87.4799575805664,26.38401985168457,42.59321975708008,19.028512954711918,13.553618431091309,9.581988334655762,10.792657852172852,-1.579987645149231,3.7192282676696777,-3.9132466316223145,8.703434944152832,4.801985740661621,2.923269748687744,0.7397477030754089,5.377893924713135,-4.858903884887695,8.421823501586914,-0.7339691519737244,7.241464138031006,sober
0.5291280150413513,1995.8764730423843,2324.275746375665,4093.909920302013,0.0771877621644295,-391.8666687011719,78.16004180908203,26.144119262695312,38.146583557128906,19.789756774902344,13.410791397094728,10.739360809326172,13.278084754943848,-0.8871104717254639,4.452235698699951,-2.968308925628662,9.00594425201416,4.67682409286499,4.2691521644592285,3.469696283340454,6.733675956726074,-3.716074228286743,9.137141227722168,0.760705292224884,7.4359259605407715,sober
0.508730947971344,2000.2328302563951,2237.458901283673,3920.10331587358,0.0798894708806818,-381.4521484375,87.42505645751953,20.016416549682617,35.33197021484375,19.26141166687012,12.337664604187012,8.328195571899414,11.286883354187012,-2.656273126602173,5.361228942871094,-5.8328776359558105,10.075718879699709,3.964167833328247,4.587357044219971,4.1392693519592285,6.932624816894531,-3.935235261917114,9.000587463378906,0.4013339579105377,7.652810096740723,sober
0.4986460208892822,1972.3864742670528,2310.45174548113,3988.557765794837,0.068214305932971,-386.100341796875,88.86213684082031,23.958171844482425,38.35203170776367,17.856643676757812,10.74874210357666,6.034298419952393,10.641070365905762,-4.449648857116699,5.030386447906494,-5.05013370513916,8.995865821838379,2.411400318145752,4.141697883605957,3.2540862560272217,5.647542476654053,-5.299410343170166,9.879141807556152,-1.6705420017242432,7.336197376251221,sober
0.5062748789787292,2336.3449554902104,2391.265456793939,4654.7343534581805,0.0863611557904411,-386.301025390625,79.26028442382812,25.231294631958008,36.33427047729492,19.065261840820312,12.505324363708496,8.894649505615234,12.047181129455566,-4.424175262451172,6.1219258308410645,-5.3960280418396,10.552298545837402,3.12268614768982,4.786428928375244,2.445322275161743,5.452896118164063,-5.270214080810547,9.48513889312744,-1.617600679397583,9.010339736938477,sober
0.5282554030418396,2110.8444867306603,2418.868371188976,4471.49943899601,0.0754862034574468,-402.3384704589844,82.91805267333984,21.622108459472656,38.333744049072266,17.900421142578125,13.372967720031738,8.563247680664062,12.845558166503906,-1.956844687461853,3.5155394077301025,-3.681813716888428,9.449909210205078,3.5702714920043945,4.287246227264404,3.30245304107666,5.22273588180542,-4.134216785430908,9.57490348815918,0.0481953732669353,8.244650840759277,sober
0.4992991685867309,1968.965905583418,2248.945964144756,3886.055934175532,0.0696960882092198,-389.1084289550781,84.66905212402344,28.659311294555664,42.99151611328125,20.1776065826416,13.527470588684082,9.77700138092041,14.885652542114258,-1.8882286548614504,3.65020751953125,-3.367618560791016,9.35771656036377,2.5989749431610107,4.777475357055664,2.895316362380981,3.892682075500488,-4.782942771911621,9.32889175415039,0.0831402167677879,7.789183616638184,sober
0.5311517119407654,2039.6223025594916,2416.26354141202,4474.775667010613,0.0714364681603773,-415.0533752441406,86.96339416503906,22.423419952392575,36.18122482299805,17.23004913330078,13.377456665039062,9.288213729858398,11.573600769042969,-2.6987667083740234,3.4449281692504883,-3.3702809810638428,7.953697681427002,4.054253101348877,5.342623710632324,1.2313679456710815,5.400263786315918,-5.133056640625,8.637491226196289,-0.8311541080474854,5.533009052276611,sober
0.5517486929893494,2027.5747242818304,2370.8797506848723,4273.591246785997,0.0711036392405063,-415.5628051757813,81.0479965209961,23.792722702026367,40.57001495361328,20.04197120666504,15.640983581542969,8.684300422668457,11.76388168334961,1.0137615203857422,4.679299831390381,-1.6689372062683103,9.384864807128906,6.131078243255615,4.268716335296631,1.9085001945495603,5.124875068664551,-2.7237980365753174,9.498109817504885,0.6674978733062744,5.876276969909668,sober
0.3893959820270538,2085.812913638055,2137.514253786834,4128.481702302632,0.1024568256578947,-318.20654296875,103.77635955810548,1.6751266717910769,30.062875747680664,15.324450492858888,-5.029116630554199,-11.871992111206056,-1.960273623466492,-11.271687507629396,-5.245251655578613,-8.205506324768066,-2.39910101890564,-4.612146854400635,-4.490431308746338,-5.965182304382324,4.539731979370117,-11.370809555053713,0.1562708914279937,-3.1085739135742188,-2.5902724266052246,sober
0.3797977268695831,2032.8256263434423,2182.777507406749,4204.308522075688,0.0900318950688073,-362.20843505859375,102.0696792602539,6.134746074676514,36.299198150634766,18.007314682006836,-8.656852722167969,-11.02882194519043,1.674598217010498,-10.073525428771973,-5.965378284454346,-5.012105464935303,-4.847999095916748,-6.413750648498535,-2.9031424522399902,-5.174649715423584,4.385207653045654,-7.578614234924316,-1.2571537494659424,-1.7320232391357422,-1.4684772491455078,sober
0.4057738184928894,1948.1821733585937,2184.437543266781,4153.309368265086,0.080420483117816,-355.718505859375,104.44683837890624,3.441903591156006,35.19807052612305,15.549551963806152,-2.9391024112701416,-5.411806106567383,2.347712278366089,-13.346872329711914,-3.204448938369751,-4.765583515167236,-5.634119987487793,-2.6210720539093018,-5.791312217712402,-6.289659023284912,6.692584991455078,-8.919533729553223,-0.8554218411445618,-2.0836400985717773,-0.6348707675933838,sober
0.4042982757091522,2059.910638763852,2197.070362600631,4190.07568359375,0.096565090880102,-355.181396484375,105.2092742919922,11.221364974975586,34.02911376953125,11.386630058288574,-3.201292037963867,-4.735945224761963,-0.2846041321754455,-12.159825325012209,0.2399098128080368,-5.893947601318359,-4.444698333740234,1.7647038698196411,-5.616815090179443,-4.450869083404541,8.900985717773438,-10.821846961975098,0.2459178864955902,-2.4715309143066406,-0.2746855020523071,sober
0.3513593971729278,1775.7773006102937,2038.1906338938657,3553.738511029412,0.0773839613970588,-353.4534606933594,112.41915130615234,8.672183990478516,40.20171737670898,14.33204460144043,-7.184154510498047,-8.20457649230957,-1.4289541244506836,-13.750511169433594,-4.230992317199707,-4.796186923980713,-5.3031535148620605,-4.799763202667236,-6.593875885009766,-7.650997161865234,8.72329044342041,-10.10240364074707,-3.036370038986206,-1.1652987003326416,-3.433945894241333,sober
0.3365436792373657,1901.2467489483245,2045.9789881344536,3760.17578125,0.0918023003472222,-324.90802001953125,109.97515106201172,6.427703380584717,37.27486801147461,16.07807731628418,-5.1319990158081055,-9.854070663452148,-3.952857732772827,-12.802362442016602,-3.022791147232056,-6.648988723754883,-7.326761722564697,-4.223079681396484,-6.272727012634277,-6.395367622375488,8.201457023620605,-12.189834594726562,-1.4347456693649292,-0.0724138021469116,-1.7504252195358276,sober
0.3656137585639953,2035.271224363424,2181.292385519,4068.617691532258,0.094758064516129,-342.2348937988281,103.25829315185548,12.11154842376709,36.3188362121582,11.659919738769531,-4.02644681930542,-7.5699462890625,-2.3010494709014893,-11.502266883850098,-4.210936069488525,-4.988037109375,-6.166978359222412,-7.737754821777344,-6.710132122039795,-4.201099872589111,3.964325904846192,-9.151945114135742,-1.572005033493042,-1.064342975616455,-3.178290605545044,sober
0.3745780289173126,1983.2967085524197,2152.254864710345,4133.213895909927,0.0857795266544117,-350.03424072265625,105.17424011230467,6.338963031768799,36.08691787719727,18.737865447998047,-5.431110858917236,-11.549402236938477,0.4295579493045807,-12.68564224243164,-5.018852233886719,-4.565170764923096,-5.88237190246582,-6.575322151184082,-4.497298240661621,-3.926048994064331,4.468681335449219,-10.281006813049316,-0.754901647567749,-1.5508054494857788,-1.2137871980667114,sober
0.3820845186710357,1990.5029343436208,2175.791302054088,4147.064208984375,0.0880606515066964,-354.24713134765625,103.87332916259766,7.20298433303833,37.38801956176758,18.03219413757324,-7.671521186828613,-9.043216705322266,1.8232247829437256,-11.856916427612305,-5.871444225311279,-3.2829132080078125,-8.499617576599121,-6.803268909454346,-5.021548748016357,-5.332652568817139,5.137148380279541,-10.66710376739502,-1.4417005777359009,-2.4429471492767334,-1.5884329080581665,sober
0.3466805219650268,1987.7696730811176,2188.4784393450072,4152.9013144003375,0.0886780335022522,-355.9641418457031,103.62176513671876,12.358022689819336,35.27009582519531,10.613517761230469,-3.677845001220703,-8.654556274414062,-0.9128077626228333,-11.354836463928224,-5.563665390014648,-7.262221813201904,-8.456299781799316,-4.288375854492188,-6.899306774139404,-6.824515342712402,6.94179105758667,-11.451717376708984,1.367234706878662,-2.889159679412842,0.3447763919830322,sober
0.3969149887561798,2116.0886366303725,2099.755012295371,4048.84705275632,0.1154209094101123,-272.7846069335937,102.32892608642578,0.5872116684913635,24.299673080444336,13.684026718139648,-3.697671890258789,-7.4471435546875,-3.263120174407959,-15.925578117370604,-0.2212292253971099,-9.675127983093262,-2.534652709960937,1.4188098907470703,-0.0846768319606781,-9.104470252990724,3.9149813652038574,-8.973455429077148,-1.4855842590332031,-1.3955869674682615,-0.2022657096385955,unsober
0.3894428014755249,1923.0086611307156,2032.941389813684,3684.2683366201454,0.1033923695388349,-330.20709228515625,102.96707916259766,-8.639522552490234,28.76421165466309,15.390411376953123,-3.3818552494049072,-9.75791835784912,3.5150277614593506,-2.79166030883789,-8.217448234558105,-6.214606285095215,-0.4504097104072571,-7.765060424804687,-0.1778323650360107,-1.2783820629119873,2.25034499168396,-1.0605981349945068,3.49056077003479,-2.6297144889831543,2.7170472145080566,unsober
0.2897493243217468,1957.63382989947,2117.1333524441234,3861.97998046875,0.088848876953125,-288.4003295898437,104.20068359375,4.314735412597656,31.383071899414062,11.135683059692385,-3.849930286407471,-11.624794960021973,-4.712289810180664,-16.60433578491211,-8.98307991027832,-9.91454792022705,-5.249728679656982,-6.68057107925415,-5.892169952392578,-8.938563346862793,2.1556458473205566,-7.970513343811035,3.220439910888672,-0.4961885511875152,2.5687415599823,unsober
0.3892029225826263,1978.496870553648,2158.9481568021024,4075.728687959559,0.0868738511029411,-305.8617553710937,101.56940460205078,6.42313814163208,31.17735481262207,14.928725242614746,-2.881934881210327,-10.774188995361328,-2.8605270385742188,-11.028634071350098,-8.370803833007812,-11.86667537689209,-2.1106948852539062,-4.739902496337891,-3.9012606143951416,-4.4228196144104,-0.9000552892684937,-10.32284164428711,3.232698440551758,-4.2399749755859375,0.5661700367927551,unsober
0.3968965411186218,1936.696460120442,2177.0127902779577,4065.947265625,0.0878472222222222,-325.9045715332031,105.97264862060548,9.484153747558594,34.307762145996094,15.97457790374756,-5.067874431610107,-7.3824591636657715,-1.2460521459579468,-8.966002464294434,-10.51512336730957,-8.58195972442627,1.4405161142349243,-5.266975402832031,-5.588228702545166,-3.682469606399536,-1.167461395263672,-9.514232635498049,1.2167872190475464,-4.614096641540527,2.8394594192504883,unsober
0.3072775304317474,1828.0292135450136,2004.5376389129776,3522.83203125,0.089407169117647,-298.6825866699219,112.52196502685548,3.285867929458618,33.39360809326172,14.130816459655762,-5.952953338623047,-12.45567512512207,-0.6631250381469727,-10.697627067565918,-9.270116806030272,-9.445611953735352,-1.4349201917648315,-7.846321582794189,-4.786306381225586,-3.216249465942383,-1.3763824701309204,-6.394237518310547,-0.152431920170784,-7.268239498138428,4.806179523468018,unsober
0.3600945174694061,1650.4683268052115,1944.469787678555,3223.647173713235,0.0789292279411764,-294.63214111328125,119.94969940185548,5.505380630493164,33.42802810668945,18.184165954589844,-4.915354251861572,-12.420330047607422,-2.235211133956909,-6.335272789001465,-11.413701057434082,-9.848231315612791,-1.4049535989761353,-10.955178260803224,-2.2814269065856934,-0.5148409008979797,2.509378671646118,-3.552832126617432,3.5093882083892822,-3.592369079589844,3.3160414695739746,unsober
0.4165109694004059,2026.9694462066411,2119.526314547777,3995.618910200141,0.1003116221910112,-319.6208190917969,101.15780639648438,1.964182019233704,38.13854217529297,16.37294578552246,-5.6897478103637695,-10.349032402038574,-0.0788400396704673,-6.278133869171143,-10.719287872314451,-11.238871574401855,-0.7643070816993713,-7.8155412673950195,-3.1566076278686523,-4.893247604370117,1.717309832572937,-5.830080032348633,1.9836481809616089,-1.745258927345276,4.532901763916016,unsober
0.3810222446918487,1749.6941656303818,1944.6368107843748,3401.913106072809,0.0868435889175257,-314.9950561523437,116.87857055664062,-8.027315139770508,26.13013458251953,12.353100776672363,-8.73980712890625,-10.71860694885254,0.5818317532539368,-9.133414268493652,-7.433860778808594,-7.462652683258057,-3.349483013153076,-9.300747871398926,-1.7322615385055542,-3.8378984928131104,-0.3263051211833954,-3.412651538848877,4.054366588592529,-1.7731423377990725,3.7155818939208975,unsober
0.3614990711212158,1829.6963603408076,2072.117829993557,3650.679697888963,0.0778081366356382,-329.6474914550781,109.48259735107422,1.341630935668945,33.01509475708008,12.459033966064451,-7.445335865020752,-11.05556297302246,1.509432315826416,-4.610590934753418,-8.87328815460205,-5.95406436920166,-1.766717791557312,-10.117902755737305,-0.7450821399688721,-3.9856154918670654,-1.7836004495620728,-4.200491905212402,0.3135600388050079,-5.853002548217773,2.69240403175354,unsober
0.48576420545578,1922.4088829554,2185.239800166361,3741.6231195977393,0.0870958693484042,-257.1846618652344,112.10152435302734,26.35897827148437,34.09490203857422,14.02152156829834,10.922603607177734,6.524664878845215,0.4073870182037353,3.1668243408203125,4.688178062438965,-6.01427698135376,12.51391315460205,-2.059901714324951,-0.8999082446098328,3.5332231521606445,11.10200023651123,-7.440292835235596,6.92128849029541,0.5001606941223145,2.687077045440674,unsober
0.4440453946590423,2113.897251089108,2264.789505471681,4010.973182091346,0.1075452867445054,-231.951171875,106.0173110961914,29.654693603515625,31.939668655395508,9.865582466125488,6.403936862945557,6.352447986602783,0.2411894053220749,-10.119028091430664,6.4631547927856445,-3.1158041954040527,7.804588317871094,0.948691427707672,-3.698838472366333,2.099412441253662,9.247891426086426,-8.606600761413574,8.59974479675293,-3.073807716369629,3.5553529262542725,unsober
0.4604278802871704,1916.931955325428,2157.7349763480656,3659.1064453125,0.0891837654532967,-236.29090881347656,111.8431167602539,26.008359909057617,33.94477462768555,13.702043533325195,11.271029472351074,8.900873184204102,3.628058433532715,-5.141162395477295,7.706144332885742,-4.020913600921631,4.143798351287842,1.114922046661377,-0.7756629586219788,1.7028634548187256,12.273712158203123,-9.166780471801758,8.140621185302734,-1.0963047742843628,3.4686710834503174,unsober
0.4378215074539184,2008.957968905905,2239.995824474047,3828.6971382472825,0.0911387567934782,-237.98329162597656,106.4228973388672,28.064367294311523,33.5301628112793,15.560835838317873,10.23336696624756,8.826420783996582,0.6572036147117615,-3.425342321395874,8.219377517700195,-6.132215976715088,8.023770332336426,-0.3116445243358612,-0.0259886179119348,2.872495651245117,9.87029266357422,-7.706459522247314,7.607640743255615,-0.0606458820402622,4.920938968658447,unsober
0.4545660614967346,2040.3617381467325,2183.627814924356,3835.261483028017,0.0897371138649425,-240.8733367919922,111.41265106201172,25.47422409057617,31.036598205566406,14.143675804138184,12.23957347869873,8.047052383422852,0.8299530744552612,-5.074363231658936,9.463457107543944,-7.533864021301269,9.750328063964844,0.2890030741691589,-2.569276571273804,2.0373778343200684,11.316457748413086,-8.487732887268066,7.115670204162598,-1.721251368522644,4.4763593673706055,unsober
0.4303782880306244,1977.6594667393356,2210.1290206004032,3764.383903952206,0.0963752297794117,-229.17218017578125,113.7306671142578,27.924259185791016,26.699560165405277,11.350286483764648,9.97327709197998,8.051596641540527,0.1262847930192947,-7.735416889190674,7.197351932525635,-8.350796699523926,8.16218090057373,-0.9299153089523317,-3.4413232803344727,3.387748003005981,10.52122402191162,-9.81506633758545,6.98789644241333,-1.7465778589248655,3.048679828643799,unsober
0.4206938147544861,1986.6914215578824,2175.810218326793,3772.591243881777,0.0989210749246988,-235.36932373046875,106.98982238769533,29.295560836791992,35.93341827392578,10.184674263000488,9.943845748901367,7.610126495361328,1.5699571371078491,-11.434602737426758,6.60912036895752,-4.422028064727783,6.377470016479492,0.8659000396728516,-2.825965404510498,1.9399508237838743,11.318896293640137,-8.346500396728516,7.501365661621094,-0.7324981689453125,3.8860950469970703,unsober
0.4432835578918457,2048.3335337682715,2143.215196460722,3742.344037224265,0.0865866268382353,-262.0934143066406,109.04817199707033,26.59338760375977,32.90886688232422,11.482510566711426,7.697780609130859,9.97446632385254,7.729701042175293,-11.925861358642578,8.870549201965332,-0.2330618500709533,5.514484405517578,2.0232532024383545,-2.573115348815918,2.9189395904541016,11.19487476348877,-8.334635734558105,8.658263206481934,-3.087801218032837,3.64714241027832,unsober
0.4454088807106018,2002.8129627833216,2177.4255604648,3745.255976137908,0.0949441661005434,-239.7504730224609,109.36346435546876,32.38349914550781,32.164512634277344,11.108696937561035,9.86399745941162,5.742090702056885,0.8912042379379272,-7.933915615081787,6.1274824142456055,-5.326443672180176,7.658780097961426,1.11040997505188,-2.3172309398651123,3.0536234378814697,11.1725492477417,-7.8114423751831055,8.160959243774414,-0.624225914478302,2.4126968383789062,unsober
0.4408104717731476,2042.8736104876052,2233.243275420258,3864.168031754032,0.0981602822580645,-239.5865020751953,108.59850311279295,29.492576599121094,29.17647361755371,10.61235809326172,9.516593933105469,4.64486026763916,1.4646339416503906,-6.506464958190918,6.876345634460449,-4.104514122009277,7.807368278503418,-1.0222232341766355,-3.258583307266236,2.323771715164185,9.034334182739258,-9.47556209564209,7.752882957458496,-3.0005545616149902,4.149309158325195,unsober
0.4891768395900726,2369.219376063421,2445.848395915158,4763.4029296875,0.109890625,-337.0741577148437,80.1521987915039,19.726119995117188,33.09439468383789,17.618045806884766,12.13778305053711,-3.1695332527160645,7.237000942230225,-11.23128890991211,5.9630126953125,2.369602918624878,6.26619291305542,-2.830087423324585,1.8255860805511477,0.2010813355445861,7.398747444152832,-8.666159629821777,3.831607341766357,2.5449318885803223,1.4456583261489868,sober
0.4886141121387481,2280.8992484498845,2457.7550038900195,4608.760827105978,0.0994904891304347,-381.6531677246094,93.25119018554688,30.505146026611328,22.958297729492188,-4.8734517097473145,15.27212619781494,-0.2394206523895263,12.599790573120115,3.551384210586548,-7.657456398010254,-0.3264595568180084,8.631070137023926,1.6840931177139282,-3.873060703277588,5.245760440826416,10.220767974853516,-10.400418281555176,3.413342237472534,0.0142623241990804,7.07911491394043,sober
0.4640369117259979,2167.669642773464,2220.868266344081,4100.2955917484505,0.110202253357438,-347.9184875488281,93.19924926757812,24.23845100402832,36.21708679199219,14.948319435119627,8.289680480957031,-4.153550148010254,6.288190841674805,-7.457337379455566,5.7157979011535645,-0.3373722732067108,9.585922241210938,-2.000083923339844,-3.0054962635040283,2.6668221950531006,6.783727645874023,-6.14355993270874,3.4901156425476074,2.570767641067505,2.9224212169647217,sober
0.4917266964912414,2223.0298012362523,2363.6130142013244,4528.046123798077,0.0964877136752136,-367.3814086914063,84.662353515625,22.268518447875977,43.51499557495117,13.431455612182615,-1.7008006572723389,-5.366229057312012,15.276169776916504,-2.3280608654022217,2.602504014968872,0.7588488459587097,7.82365083694458,-4.52910041809082,5.002634048461914,0.4117145836353302,9.054911613464355,-2.0986597537994385,0.1632728427648544,3.080575942993164,5.1898956298828125,sober
0.4996300637722015,2268.2582438290947,2379.692649517455,4709.54704284668,0.0952720642089843,-382.2467651367188,89.26109313964844,14.823949813842772,35.927452087402344,1.5197184085845947,3.135190963745117,8.825931549072266,9.083048820495604,-7.7121429443359375,11.02682876586914,-9.216146469116213,9.148978233337402,-2.075389862060547,2.6381053924560547,8.594751358032227,-1.3630341291427612,-1.065767526626587,1.9080817699432373,2.821227550506592,5.083606243133545,sober
0.480313777923584,2156.5335254024394,2298.256738048887,4334.407123766448,0.0983978500939849,-392.3363952636719,92.6759262084961,17.221904754638672,36.76359176635742,0.716075599193573,5.535168647766113,9.063586235046388,8.943953514099121,-6.289447784423828,5.442917823791504,-4.947455883026123,9.954776763916016,-2.8374173641204834,1.6022604703903198,6.470031261444092,-0.2956869900226593,-0.7368786931037903,0.0781551748514175,1.402933955192566,6.333277702331543,sober
0.482434868812561,2181.472956916878,2326.870539421478,4456.931792712602,0.0964315445696721,-385.1882629394531,90.87085723876952,18.46023941040039,37.998313903808594,-0.544575035572052,4.166338443756104,10.08232879638672,9.687577247619627,-7.505744934082031,6.807104110717773,-5.297645092010498,10.491064071655272,-2.987363815307617,1.066124677658081,9.578768730163574,0.9809098839759828,0.4296688139438629,-1.1521779298782349,2.056174993515014,8.745651245117188,sober
0.4180660247802734,2038.8973864146344,2363.433448040304,4207.607289907095,0.0812482404279279,-377.683837890625,101.14849853515624,29.82904624938965,23.305160522460938,-1.558492660522461,16.014415740966797,1.2434731721878052,10.08613109588623,7.10566520690918,-8.601083755493164,-0.668268084526062,10.62793254852295,0.6480367183685303,-0.3257435858249664,2.984347343444824,14.425657272338867,-14.022222518920898,4.14476490020752,1.224361777305603,7.323060035705566,sober
0.4594958424568176,1993.2976983981264,2289.851037748611,3976.1490234375,0.08099609375,-384.5529479980469,99.16416931152344,27.79995346069336,28.2355899810791,0.8697667717933655,14.412582397460938,0.9323945045471193,15.410901069641112,9.873831748962402,-6.8573431968688965,-1.6360344886779783,13.674354553222656,3.698462963104248,-2.4030632972717285,5.791036605834961,14.202927589416504,-8.712884902954102,2.2696328163146973,3.288994550704956,9.618048667907717,sober
0.505526065826416,2181.640724059439,2397.911270398502,4471.3265625,0.09771484375,-391.1626892089844,93.7528076171875,27.36487197875977,24.430809020996094,-0.984944224357605,15.805863380432127,-2.530205488204956,13.9398775100708,5.363595008850098,-4.903872013092041,-0.4091558158397674,10.25005340576172,2.528557062149048,-4.482524394989014,7.282777309417725,10.92184352874756,-8.825931549072266,2.208670139312744,0.0168392639607191,7.914367198944092,sober
0.46860072016716,2264.823388732361,2367.491293216324,4516.533857522551,0.1121838756443299,-341.1805725097656,95.7201156616211,17.36396026611328,21.876056671142575,10.335968017578123,21.54078483581543,-0.9614400267601012,-17.384550094604492,0.2959743142127991,4.577122211456299,-12.862300872802734,4.920856952667236,0.4302290976047516,1.2097338438034058,-6.864064693450928,8.980597496032715,-5.567203521728516,5.642654895782471,-2.4924092292785645,2.361234426498413,sober
0.4867146015167236,2304.6405719907625,2334.106790080073,4413.353844026548,0.1055335660951327,-350.1036071777344,89.79236602783203,10.699174880981444,22.759227752685547,12.893203735351562,24.16951942443848,-10.891385078430176,-9.246514320373535,5.892823219299316,-0.1075652614235878,-6.071037292480469,5.399818420410156,6.461789131164551,-1.9242056608200075,-0.9041935801506042,9.562077522277832,-7.801281452178955,5.709598064422607,1.4481927156448364,0.7729904055595398,sober
0.4765501320362091,2337.393110199085,2415.4779551693164,4670.382869944853,0.1070245481004902,-353.0365600585937,86.02064514160156,19.887041091918945,28.88972282409668,13.68528938293457,21.807506561279297,-11.726890563964844,-4.678493022918701,3.751077175140381,-0.6212023496627808,-7.538315296173096,4.50040340423584,2.800855159759521,-3.96232008934021,-0.5690752267837524,9.3821439743042,-9.715293884277344,6.363430976867676,0.9949988722801208,0.1370401531457901,sober
0.4602865278720855,2207.013600335006,2290.7375355558293,4238.034838299419,0.1128611010174418,-331.05328369140625,98.51634216308594,20.07136344909668,24.98143196105957,14.555248260498049,17.565732955932617,-14.712692260742188,-9.912202835083008,5.816450119018555,-4.64393424987793,-8.746546745300293,1.6952568292617798,4.872851371765137,-5.509237289428711,-1.0460901260375977,9.98092269897461,-9.780543327331545,5.949673652648926,0.2235527038574218,2.2546353340148926,sober
0.4735732674598694,2277.253890666028,2414.2846562469617,4565.0390625,0.1045824579831932,-352.2833251953125,90.00312042236328,20.87227249145508,26.799152374267575,8.23918628692627,28.02829360961914,4.388921737670898,-8.822112083435059,1.6188201904296875,8.913113594055176,-9.415098190307615,9.897459983825684,0.8324393033981323,5.649583339691162,-6.950520515441895,13.658172607421877,-1.7543669939041138,6.274467468261719,-4.171557426452637,5.289722919464111,unsober
0.4654790759086609,2313.555707308655,2470.0671288261037,4576.119254399272,0.1110958358616504,-362.8952941894531,89.31074523925781,25.32257461547852,27.677188873291016,16.274883270263672,27.44742202758789,-3.666090965270996,-7.985589027404785,4.592301845550537,3.1906654834747314,-8.353190422058105,6.7550458908081055,4.492489337921143,2.1268794536590576,-7.392179489135742,18.262672424316406,-8.799428939819336,10.436708450317385,-6.347835063934326,8.023942947387695,unsober
0.4725647568702698,2382.2918826235264,2533.112772493964,4867.257568359375,0.105732421875,-355.84332275390625,86.452392578125,24.875307083129883,27.65420913696289,20.29480361938477,24.155038833618164,-11.979718208312988,-3.2473878860473637,6.363546848297119,-0.585789144039154,-6.360406398773193,6.240449905395508,2.6565656661987305,0.4877595007419586,-3.353577852249145,14.293322563171388,-6.959151744842529,11.379558563232422,-5.2567667961120605,9.43341064453125,unsober
0.4787922501564026,2237.749943307591,2450.7396122961595,4500.532268655711,0.1040417901400862,-358.2023620605469,96.2850112915039,22.69506072998047,26.844682693481445,16.881132125854492,22.887550354003903,-6.095411777496338,-7.6865925788879395,6.468449592590332,4.553280353546143,-8.974169731140137,8.716574668884277,2.0763700008392334,1.3615524768829346,-4.682114601135254,14.30133056640625,-8.972014427185059,12.713098526000977,-5.944530963897705,8.716273307800293,unsober
0.481130450963974,2215.202165428584,2260.3847250754698,4317.169727998621,0.0961339613970588,-365.3712158203125,87.42008209228516,18.10166931152344,28.09530639648437,14.563261985778809,22.540756225585938,-12.06260585784912,-0.4838287234306335,-1.518727421760559,6.437420845031738,0.1497532278299331,1.804062366485596,-1.7122819423675537,0.3439315259456634,6.319971561431885,1.311012625694275,-2.6798603534698486,10.08851146697998,-3.897547960281372,2.287839651107788,sober
0.476001501083374,2240.617760252844,2352.5631499693536,4557.487487792969,0.0927497016059027,-382.7420654296875,90.10311889648438,20.13602638244629,29.33700180053711,15.585591316223145,17.71592140197754,-10.102664947509766,-0.2174618989229202,-4.844054222106934,7.207609176635742,-0.3540185987949371,1.4224853515625,-0.6168621778488159,0.7044140100479126,5.649349212646484,1.1252403259277344,-0.5791382193565369,8.31102180480957,-4.176033973693848,3.5428450107574463,sober
0.471679151058197,2358.661495528524,2359.567128427595,4698.603119721284,0.0968611433699324,-377.4224548339844,88.68614196777344,16.350505828857422,28.47424697875977,11.910573959350586,18.19053268432617,-10.883563041687012,-0.1355103701353073,-3.394994735717773,6.241382598876953,-0.0092173395678401,0.6562545299530029,-1.0876106023788452,0.4474301338195801,5.411290645599365,-0.4462166726589203,-1.277245283126831,6.935867786407471,-3.277608871459961,4.215569019317627,sober
0.4741261005401611,2227.3420588818776,2269.141289882773,4340.7612520105695,0.0989846622242647,-368.505615234375,90.36785888671876,24.10831642150879,33.16295623779297,10.35756015777588,13.10629653930664,-3.926657199859619,-8.07288646697998,-1.2684285640716553,4.406651496887207,-5.580868244171143,7.24359655380249,-4.540596961975098,5.264304161071777,-1.0685638189315796,0.7849141955375671,-3.757444381713867,4.447249412536621,3.0048024654388428,0.5039147734642029,sober
0.4868338704109192,2246.0763463465964,2330.101358317799,4526.168464211856,0.1003310259650735,-372.24615478515625,88.08650207519531,17.74502944946289,29.854541778564453,11.968276977539062,18.123857498168945,-9.63847827911377,-2.7353947162628174,-2.850048780441284,5.77177619934082,-0.2193695455789566,-0.3909404873847961,0.3535072207450866,-1.6643704175949097,6.530807018280029,0.5991402864456177,-2.4025886058807373,8.571247100830078,-4.29324197769165,3.526358127593994,sober
0.5111253261566162,2323.422127853388,2321.61576426604,4624.783145680147,0.1030560661764705,-355.7429504394531,86.4018325805664,17.470308303833008,30.355417251586918,9.334149360656738,15.504140853881836,2.994565725326538,-6.590822696685791,-3.9425570964813232,7.068163871765137,-5.904857635498047,3.974567890167236,0.3908883035182953,2.614402532577514,3.823866128921509,-0.1453240066766739,-1.5522990226745603,4.407132625579834,1.945533871650696,1.580264449119568,sober
0.4880970120429992,2270.9136519917965,2281.242581962436,4555.380787568934,0.1056733972886029,-374.2984313964844,83.96087646484375,16.644311904907227,30.47705078125,13.153912544250488,16.995256423950195,-9.243541717529297,-0.8201245069503784,-3.0064260959625244,6.928027629852295,0.537601113319397,0.7547098994255066,-0.938826858997345,1.3969576358795166,4.612244606018066,0.6729958653450012,-0.9265800714492798,9.29091739654541,-3.737474203109741,3.129406213760376,sober
0.4967540204524994,2160.5827285305604,2245.9247472643,4228.820262235754,0.0982378791360294,-368.4423828125,93.4696807861328,21.077537536621094,30.285799026489254,14.95379638671875,19.697328567504883,-11.259726524353027,-1.1833702325820925,-4.721451759338379,6.602687835693359,-0.0161904171109199,1.530087947845459,-2.4945106506347656,-0.1137490272521972,5.445321083068848,0.964560568332672,-2.094317674636841,9.684163093566896,-5.659373760223389,2.290163516998291,sober
0.4479106962680816,2219.878023677829,2350.7116749621423,4599.145849267919,0.0931934276660839,-382.9961242675781,89.1160888671875,23.832632064819336,31.96737670898437,8.829994201660156,11.834076881408691,-3.1906485557556152,-2.555227041244507,0.3477832674980163,2.2577226161956787,-3.511500835418701,3.979457139968872,-2.4780240058898926,5.775602340698242,-1.8174084424972532,0.6753764152526855,-1.6361676454544067,4.141942024230957,3.217623472213745,0.9615803956985474,sober
0.47107994556427,2058.7302684171195,2232.521441655972,4068.983728745404,0.0928093405330882,-360.8019714355469,95.35755157470705,17.955184936523438,27.598926544189453,17.37651824951172,22.076847076416016,-9.940102577209473,1.9599016904830933,-3.381883144378662,6.894411087036133,-0.1825695037841797,2.564839601516724,-3.927999258041382,1.2814679145812988,5.096108436584473,-0.0917840674519538,-1.5649018287658691,8.502622604370117,-5.574321746826172,2.070788145065308,sober
0.3929714560508728,2220.460222841462,2185.899160453518,4463.500381097561,0.1150517657520325,-363.6797180175781,106.24173736572266,-15.24209976196289,25.21837615966797,18.67595100402832,-3.094966411590576,-6.1659321784973145,2.492594957351685,-12.14838981628418,3.962724924087525,-1.62663996219635,1.583755612373352,-3.557779550552368,2.360476016998291,-4.280840396881104,2.769529104232788,-3.485175132751465,-1.690710425376892,-6.830575466156006,-2.1383156776428223,sober
0.426933079957962,2261.485555286185,2337.5311394341206,4753.076814350329,0.1048048588267543,-368.2301025390625,102.79373168945312,-0.9065360426902772,30.000452041625977,16.970806121826172,-0.6075953841209412,-5.439156532287598,3.994032144546509,-12.024273872375488,6.969000339508057,-8.343000411987305,2.45505428314209,-5.826442241668701,-0.6540936827659607,-7.728329181671143,3.525775671005249,-7.4069437980651855,0.9733729362487792,-7.506389617919922,0.381839781999588,sober
0.3592131733894348,2100.358564978479,2169.8159233848,4197.514731197034,0.0984134997351695,-356.82476806640625,111.2752914428711,-10.23123836517334,28.156888961791992,19.205528259277344,-3.430079936981201,-5.326200485229492,1.7629108428955078,-14.49960708618164,3.318764925003052,-6.935161590576172,2.0602755546569824,-4.400257587432861,-3.850983858108521,-5.694878101348877,2.460749626159668,-6.329203605651856,0.546846866607666,-6.7790141105651855,-0.6255589127540588,sober
0.4264546632766723,2249.988043901446,2208.4399667790312,4603.643633868243,0.1097621058558558,-357.585693359375,107.21427917480467,-7.414316654205322,35.24750518798828,17.270177841186523,0.8495879769325256,-8.52999496459961,3.655314922332764,-12.209484100341797,5.578438758850098,-8.871505737304688,4.12213945388794,-5.767942905426025,-5.259039402008057,-3.359365463256836,2.8542637825012207,-6.391576766967773,3.192253351211548,-8.455541610717773,2.9945099353790283,sober
0.4104925096035003,2123.082914120976,2149.142629970252,4263.674841194509,0.1016765844042056,-341.8492126464844,109.04923248291016,-8.867816925048828,36.61820983886719,18.661264419555664,-1.2337881326675415,-7.765979766845703,3.787815809249878,-12.386701583862305,3.9293079376220703,-6.771352767944336,3.635758638381958,-3.828769207000733,-4.511888027191162,-1.872849464416504,3.553593158721924,-5.777108192443848,4.848701477050781,-9.162345886230469,2.2995662689208984,sober
0.4292530417442322,2210.037113184424,2210.107189911244,4604.760505157767,0.1029609754247572,-366.2301025390625,106.05172729492188,-5.661636352539063,36.63714599609375,18.800521850585938,-0.2456384748220443,-8.403387069702148,6.802004337310791,-11.23538589477539,4.810485363006592,-5.823410511016846,2.389525413513184,-4.832244396209717,-2.662409543991089,-4.529497623443604,2.1876697540283203,-5.2187933921813965,1.7133092880249023,-8.843555450439453,1.3293083906173706,sober
0.4450482726097107,2231.517112452289,2224.675000504587,4507.505035400391,0.1046091715494791,-339.2865905761719,109.62911224365234,-6.760190486907959,29.72007751464844,18.7999210357666,2.882809638977051,-10.255709648132324,5.064954280853272,-10.417839050292969,6.876060962677002,-10.661192893981934,4.963343143463135,-5.626648426055908,-3.762807130813599,-4.977530956268311,3.204427719116211,-4.814274311065674,2.2965328693389893,-10.212346076965332,2.4687907695770264,sober
0.4536939859390259,2453.645556493314,2345.5539592531936,4949.945068359375,0.1268967848557692,-329.4765625,95.2231903076172,-4.171262264251709,35.0639762878418,17.484647750854492,-1.4527522325515747,-7.882701396942139,5.995891094207764,-14.734007835388184,5.8907246589660645,-8.159330368041992,-1.5721824169158936,-4.798777580261231,-3.0190954208374023,-7.158609867095947,5.0836920738220215,-5.331205368041992,1.7873116731643677,-6.5705389976501465,-0.7548873424530029,sober
0.4081662893295288,2215.6488265756484,2203.9636303084394,4439.4287109375,0.1110648360906862,-330.7709045410156,108.40753936767578,-6.656294345855713,32.819393157958984,22.17453956604004,1.702062964439392,-12.898513793945312,-0.6053065657615662,-9.840594291687012,6.8929123878479,-12.994918823242188,2.251333475112915,-4.954774379730225,-5.095499515533447,-7.848300933837891,4.277792453765869,-9.745660781860352,3.068992853164673,-7.561344623565674,0.1139374449849128,sober
0.4132607579231262,2062.219127840404,2167.6780343039745,4291.3623046875,0.0947451636904762,-352.9501953125,113.50325775146484,-6.613031387329102,33.69849395751953,23.631052017211918,-0.6576529145240784,-11.728927612304688,0.550859808921814,-12.9938383102417,5.44599199295044,-10.139084815979004,2.026374101638794,-6.995970726013184,-5.687711238861084,-5.089991569519043,1.6634081602096558,-5.991214275360107,4.149012565612793,-8.181636810302734,1.802490830421448,sober
0.5157889723777771,2636.195548517873,2361.458209277204,5281.440286075368,0.1421807981004902,-342.5682678222656,94.24183654785156,-10.682594299316406,25.3117618560791,13.80821704864502,-3.719878435134888,-3.400282859802246,7.472897529602051,-10.074625968933104,3.261281728744507,-6.207530498504639,-0.280595451593399,0.9979154467582704,-2.6251676082611084,-3.813469409942627,5.08503532409668,-12.446866035461426,2.073777437210083,-5.253779411315918,1.8101983070373533,unsober
0.4648441076278686,2097.544813220115,2124.809847382182,4225.257783777573,0.1032523360906862,-325.0704345703125,116.9208526611328,-5.834803581237793,23.223953247070312,5.988135814666748,-2.9205026626586914,-8.998297691345215,1.2318178415298462,-9.339629173278809,6.785301208496094,-7.484983444213867,2.6679396629333496,1.3252341747283936,-5.401613712310791,-1.3967955112457275,10.27041244506836,-11.074577331542969,5.378840446472168,-4.174794673919678,-2.469013929367065,unsober
0.4789094030857086,2309.9112187923847,2244.121039179698,4671.62841796875,0.11728515625,-318.4724426269531,108.03397369384766,-10.812335968017578,24.620019912719727,9.839749336242676,-3.850115776062012,-7.776423931121826,7.471723556518555,-6.246756553649902,4.107882976531982,-9.580828666687012,1.3789623975753784,-4.912253856658936,-4.917358875274658,-2.1223862171173096,7.716332912445068,-8.543877601623535,6.880083084106445,-5.608475208282471,2.3491005897521973,unsober
0.4274311661720276,2098.321583737603,2092.0007590175173,4097.919664884868,0.1097176535087719,-358.7185363769531,115.9632339477539,-14.325812339782717,23.45654296875,6.542659282684326,-3.284123659133911,-7.514312744140625,1.6445424556732178,-8.367947578430176,4.347949504852295,-7.285116195678711,1.7535429000854492,-3.316561222076416,-4.028859615325928,-1.8493415117263796,7.753986358642578,-7.96865701675415,7.132449626922607,-6.417976379394531,0.4317661225795746,unsober
0.420926421880722,2324.89476901858,2161.3468546908484,4562.251281738281,0.1275111607142857,-368.8137512207031,102.45001220703124,-15.302980422973633,35.22475814819336,18.49952507019043,-0.0587325431406497,-6.539730548858643,1.381261706352234,-7.710529804229736,4.89553165435791,-8.708253860473633,2.96044921875,-3.211606740951538,-3.898078680038452,-1.780242681503296,5.376255512237549,-10.493074417114258,7.418651103973389,-7.86635160446167,0.8032220005989075,unsober
0.4566714763641357,2012.9812535808885,1995.4093294258032,3992.516150841346,0.1007898351648351,-340.1698913574219,119.76982879638672,-12.996732711791992,32.131099700927734,21.580415725708008,1.0748118162155151,-10.784607887268066,0.7945626974105835,-11.12733268737793,4.938555240631104,-12.520472526550291,4.3067498207092285,0.0524384751915931,-6.837831020355225,-2.7465174198150635,8.882709503173828,-14.587970733642578,4.108355045318604,-5.5389556884765625,0.002188540995121,unsober
0.4225483238697052,2070.892646640661,2023.6603814043208,4005.296754301264,0.1115366046348314,-323.4324645996094,114.99321746826172,-9.739136695861816,35.13463592529297,21.437450408935547,-1.498536229133606,-10.98683738708496,0.2609025239944458,-9.56654167175293,4.336160182952881,-13.510414123535156,2.2037158012390137,0.6721190810203552,-7.943563938140869,-4.726739883422852,11.791747093200684,-13.794404983520508,3.5905935764312744,-6.1559834480285645,-1.903914213180542,unsober
0.4493065774440765,2294.640317735875,2213.59071489433,4539.222372731855,0.1114173807123656,-326.5605163574219,108.82281494140624,-5.779481410980225,29.14015769958496,15.99244213104248,-3.7353243827819824,-9.689288139343262,2.0668790340423584,-6.245558738708496,5.394688606262207,-16.69294548034668,6.143793106079102,-1.531377196311951,-6.823758602142334,-3.795688390731812,10.574078559875488,-14.79689598083496,6.267463207244873,-9.283231735229492,1.4860974550247192,unsober
0.4050444066524505,2288.568317905548,2143.691480921336,4530.759193157328,0.1143700610632183,-304.2041015625,107.32479095458984,-15.235630989074709,32.783050537109375,17.859594345092773,-1.2522763013839722,-9.613322257995604,1.9287474155426023,-11.840124130249023,0.8991124629974365,-13.872326850891112,3.594921588897705,0.4270746111869812,-3.016317129135132,-5.239678859710693,9.992566108703612,-14.468478202819824,6.156137943267822,-3.580380439758301,-0.710669755935669,unsober
0.4018113911151886,2103.250809392289,2077.8407965792044,4129.111328125,0.1081488715277777,-294.9933776855469,118.47916412353516,-11.556267738342283,24.70095443725586,11.903512001037598,-2.23757553100586,-10.485848426818848,0.182872474193573,-11.26103401184082,7.002490997314453,-13.321813583374023,1.786197543144226,-1.7849161624908447,-9.81647777557373,-4.139124393463135,15.590194702148438,-13.073554039001465,5.2034831047058105,-5.3561553955078125,-2.64267897605896,unsober
0.4895071387290954,1693.5608371327307,1841.4993829673613,3109.1471904032937,0.0804377375422297,-509.7214965820313,66.62548828125,5.230730056762695,33.41080856323242,21.69750595092773,4.1285786628723145,3.791574954986572,6.300053596496582,-5.306458473205566,2.182849884033203,-1.8456264734268188,2.869009494781494,2.0825507640838623,-2.381598711013794,3.508115291595459,3.187055826187134,-1.6756958961486816,-0.5246105790138245,-1.2047213315963743,0.3051802515983581,sober
0.4422947466373443,1714.0047075880589,1855.640185128162,3247.2206598595726,0.0779828421677215,-576.4847412109375,69.17308807373047,18.34340476989746,33.60417938232422,22.358142852783203,9.051692962646484,5.505575656890869,6.525247097015381,-1.3862061500549316,3.4644925594329834,-3.4997737407684326,1.3717700242996216,1.6317247152328491,-2.2166552543640137,1.0695595741271973,3.6589934825897217,-2.849440574645996,-1.4456408023834229,-1.0935603380203247,-0.8508152961730957,sober
0.480928897857666,1601.651342532509,1745.5398355084658,2966.0078332779253,0.0794374722960992,-527.9563598632812,74.17550659179688,13.790691375732422,30.10757064819336,23.18581962585449,9.6932954788208,4.705416202545166,4.145810604095459,-4.105118751525879,2.2050726413726807,-1.6480367183685305,2.2026443481445312,0.7432243824005127,-1.898290753364563,4.270203113555908,4.023501396179199,-3.594890117645264,-1.619640827178955,0.2952963709831238,1.233143925666809,sober
0.4692777991294861,1582.0207659960686,1763.771850455898,2879.1929502744933,0.0758584512246621,-512.6397705078125,66.41368865966797,14.388993263244627,35.36347198486328,19.915817260742188,6.298455238342285,3.166994571685791,-0.1025997474789619,-2.264829158782959,4.622970104217529,-4.108132839202881,1.3505014181137085,2.304497480392456,-3.712403059005737,4.460361003875732,5.774317741394043,-3.3068463802337646,0.907825767993927,1.7319440841674805,-3.05303692817688,sober
0.5134127736091614,1672.4007450388783,1675.6442904705498,3201.6991843639967,0.0843454280369718,-530.6353149414062,70.26710510253906,13.413044929504396,36.76516342163086,21.67494010925293,8.364130973815918,1.2055399417877195,1.1770161390304563,-1.75918710231781,5.406906604766846,-5.310993194580078,-1.5795027017593384,4.19866943359375,-3.673506259918213,1.555745244026184,5.7968034744262695,-3.42652440071106,0.0931095629930496,1.5467774868011477,-1.689300537109375,sober
0.4568781852722168,1600.511791377081,1633.160835876784,2793.1402162063955,0.0884924600290697,-535.3099365234375,86.6244125366211,15.012897491455078,38.3951301574707,30.28154945373535,10.937772750854492,5.090115547180176,6.127886772155762,1.756080150604248,2.9847283363342285,-5.708937168121338,1.7127879858016968,2.238588809967041,-1.4663145542144775,0.7216842770576477,4.5421881675720215,-3.572708368301392,-2.801511287689209,0.4073243141174316,-0.065587393939495,sober
0.477219671010971,1781.641475327138,1901.5242435325924,3299.046223958333,0.0976164641203703,-535.552001953125,77.65421295166016,7.000094890594482,31.66323471069336,24.27889633178711,6.524324417114258,2.9184186458587646,1.9061622619628904,-0.7864764332771301,3.9089980125427246,-5.0924906730651855,3.1547319889068604,3.044278144836426,-4.109433650970459,2.366661548614502,1.793006181716919,-3.096245765686035,-0.804455041885376,-1.0522563457489014,0.6349236965179443,sober
0.4602528214454651,1447.4497209408032,1547.658040707317,2294.917436079545,0.0777291962594697,-540.7760620117188,86.26688385009766,18.103057861328125,43.14080429077149,26.14324378967285,11.852410316467283,8.161446571350098,6.770274639129639,0.935614287853241,6.481921672821045,-3.1790268421173096,3.4314537048339844,2.57596206665039,-2.2026307582855225,3.2312045097351074,5.638221740722656,-3.6048643589019775,-4.112267017364502,0.1663884222507476,-2.391369581222534,sober
0.4466259479522705,1535.245144136579,1602.960689127255,2678.518399325284,0.0843986742424242,-538.2218017578125,87.61967468261719,20.199499130249023,40.72587203979492,24.939916610717773,9.131366729736328,7.316019058227539,6.840254783630371,0.7120239734649658,5.195681571960449,-4.762888908386231,0.4427289068698883,2.0549862384796143,-4.504827499389648,1.966722011566162,3.468621253967285,-2.29760217666626,-2.074343681335449,-0.1351365149021148,-0.5365899205207825,sober
0.4257332384586334,1971.1807026209635,1950.9954123833008,3859.164100060096,0.1099346454326923,-541.854736328125,77.47502899169922,10.10776710510254,36.393463134765625,21.97281646728516,2.223740339279175,0.8157418966293335,4.116341590881348,-2.385521411895752,1.624740481376648,-8.274954795837402,0.6988835334777832,0.1632014364004135,-4.014384746551514,1.6576942205429075,3.3343770503997803,-4.226131439208984,-0.2831142842769623,0.9123207926750184,-1.253901124000549,sober
0.4900043308734894,1949.0850322347164,1895.5062694194596,3326.736328125,0.1015234375,-445.5823059082031,47.11311721801758,5.229013442993164,32.79575729370117,20.81231689453125,7.476641654968262,7.467309474945068,7.526073455810547,-5.653579235076904,5.577534198760986,-1.37130868434906,2.2848637104034424,2.385633945465088,-1.445489764213562,1.964719295501709,5.859510898590088,-4.688797950744629,4.112208843231201,-1.088189959526062,0.6627863645553589,unsober
0.466136485338211,1943.498133911088,1744.8913026445707,3340.556376689189,0.1102459881756756,-427.53216552734375,64.14112091064453,9.180550575256348,36.55546569824219,25.818328857421875,7.749529361724853,16.120502471923828,12.149693489074709,-4.74146842956543,12.851475715637209,0.6531438231468201,5.144474506378174,3.122368097305298,0.4291689693927765,0.7880388498306274,4.698629856109619,-4.459285259246826,-2.3791604042053223,-1.0100715160369873,-0.3097205758094787,unsober
0.4254919588565826,2002.001005408916,1525.35958054006,3331.029510498047,0.1180928548177083,-381.7918395996094,82.08222961425781,3.403050422668457,47.053253173828125,27.18121337890625,2.0892105102539062,17.815750122070312,10.113390922546388,-10.416977882385254,9.343924522399902,-1.5302335023880005,3.079730033874512,-0.4886566698551178,-0.512270987033844,-1.6180559396743774,5.740358829498291,-5.821705341339111,-2.460099697113037,-0.9372787475585938,-2.134194850921631,unsober
0.5529707670211792,1536.861173608078,1653.0311468993875,2343.2431640625,0.0837955729166666,-507.2261352539063,59.20924377441406,13.602001190185549,34.02851104736328,28.81082344055176,12.865041732788086,15.54775047302246,15.708717346191406,3.8010733127594,10.956829071044922,5.242697238922119,6.690281391143799,4.854729652404785,2.8367679119110107,3.1851916313171387,6.013117790222168,0.7201786041259766,-1.7802504301071167,0.7042068243026733,0.7396679520606995,unsober
0.4891893565654754,1722.2167052285176,1531.556475492483,2746.436195035951,0.0970469787057522,-448.7933044433594,70.81029510498047,13.046055793762209,38.128604888916016,30.962316513061523,14.203940391540527,17.891630172729492,15.11197566986084,1.5466398000717163,12.205453872680664,1.8254462480545044,7.575255870819092,3.288385391235352,2.2891087532043457,3.7986769676208496,7.665421485900879,-2.804636001586914,0.3400060534477234,2.392611503601074,0.1727635562419891,unsober
0.4948635697364807,2278.24106864433,1915.17463704361,3949.9755859375,0.1158272879464285,-439.2535095214844,48.15304183959961,5.56599235534668,30.146392822265625,16.17391014099121,7.208241939544678,13.09506607055664,8.686285972595215,-1.7410334348678589,6.264057636260986,-1.0924378633499146,5.965334892272949,1.568065166473389,0.8916839957237244,1.606637477874756,6.316843986511231,-1.1369889974594116,0.8687796592712402,0.0337343290448188,0.9405436515808104,unsober
0.4559169411659241,2465.4259936833478,1762.0690200233764,3992.202908875512,0.1449995197233606,-399.36859130859375,57.45928192138672,5.015529155731201,40.949440002441406,16.98139190673828,6.690951347351074,10.613876342773438,9.393860816955566,-7.477937698364258,4.423111438751221,0.722477376461029,1.6582878828048706,1.877376914024353,-1.9281480312347408,0.5427169799804688,7.068033695220947,-4.796741008758545,0.8928184509277344,-1.3653913736343384,0.2608687281608581,unsober
0.4661604464054107,1911.449434666376,1625.6500094320274,3058.3589993990386,0.1107313368055555,-398.1268005371094,64.27140808105469,2.242496967315674,42.813106536865234,22.73564910888672,-0.3720906376838684,9.014405250549316,12.283217430114746,-11.738039016723633,5.312142372131348,0.4314762055873871,-1.1308698654174805,3.406136512756348,-0.7302649021148682,-0.2720123827457428,4.8509039878845215,-3.557217597961426,-1.0571022033691406,-0.7572839260101318,0.9292089939117432,unsober
0.4860382080078125,1934.395750296611,1697.5584819590338,3210.306951349432,0.1124334161931818,-384.1559753417969,63.93790435791016,2.2177653312683105,37.23956298828125,20.090612411499023,3.122931480407715,7.138952255249023,10.86345672607422,-11.305824279785156,3.845802068710327,-2.02920150756836,-1.781301498413086,3.5978682041168213,-2.422757625579834,0.2458474040031433,5.0439772605896,-5.058017253875732,-1.3216898441314695,0.8435816764831543,-2.3769898414611816,unsober
0.478525847196579,1588.3003246713097,1430.841699410414,2524.3315825591217,0.0950388865427927,-425.3742370605469,68.09534454345703,12.632100105285645,44.25325775146485,28.081647872924805,9.790790557861328,16.18923568725586,12.842586517333984,-6.127125263214111,10.573881149291992,1.6132248640060425,5.575798034667969,3.7353458404541016,-0.0917141735553741,3.179460287094116,4.2842535972595215,-3.056987762451172,0.2424166053533554,-0.52491295337677,-0.3399091362953186,unsober
0.486855000257492,1713.3425554087894,1396.8084554183718,2810.1791381835938,0.1098850795200892,-445.6697692871094,74.36378479003906,15.687464714050291,48.08275985717773,29.663204193115234,12.136995315551758,16.44951820373535,10.655778884887695,-2.8289027214050293,10.533586502075195,3.4441487789154053,3.8830199241638175,6.286865234375,1.7385671138763428,-0.1023788973689079,7.516129493713379,-1.2049661874771118,-1.3501909971237185,-0.6825708746910095,2.0137834548950195,unsober
0.4972202181816101,1640.5191712499632,1454.996445346916,2699.0170127467104,0.0975234717653508,-451.4411010742188,76.7562255859375,12.739273071289062,42.2374382019043,31.78809928894043,13.191737174987791,18.31723022460937,10.222309112548828,0.3428748846054077,8.750990867614746,5.169769287109375,3.7067484855651855,1.3989235162734983,1.7784702777862549,2.584017515182495,4.872071743011475,-3.567333221435547,-0.3230382800102234,-1.7936900854110718,0.0584114491939544,unsober
0.5113099217414856,1582.727042861674,1510.9796079558007,2522.2374549278848,0.0894931891025641,-458.5212097167969,77.08692169189453,12.544967651367188,47.877079010009766,34.43196105957031,11.057659149169922,19.44965934753418,14.295852661132812,0.1961443722248077,12.204289436340332,3.832824230194092,6.655879497528076,3.715066432952881,0.5156403183937073,2.150806665420532,4.62692403793335,-2.7835135459899902,-1.4217393398284912,-1.432816505432129,0.1177611798048019,unsober
0.4682332277297973,1708.8412502761898,1358.8974060275066,2808.6280616554054,0.1068632108671171,-446.5852355957031,81.2281494140625,15.54579734802246,49.89814758300781,35.337371826171875,12.789278030395508,22.730173110961918,14.992064476013184,-2.2415270805358887,11.233553886413574,1.8966989517211916,2.950613021850586,-0.5066629648208618,-0.5023190975189209,-0.3751214146614074,2.669196844100952,-4.74369478225708,-4.846912384033203,-3.621180534362793,-2.2256131172180176,unsober
0.4121450781822204,2036.2837623742812,2140.461704831828,3784.054162367335,0.1104667231721698,-226.7444610595703,97.5064468383789,28.78047752380371,44.86001586914063,11.34774398803711,13.469136238098145,6.01165246963501,-0.0500886812806129,-11.32408618927002,6.339786052703857,0.9675301313400269,-1.659955978393555,-3.581542491912842,3.1905908584594727,4.710014343261719,0.8713921308517456,-4.241404056549072,6.746617794036865,0.7541154026985168,4.5534257888793945,unsober
0.4588225781917572,1791.135323213943,2120.719538393942,3450.594229068396,0.0777610922759434,-272.2742614746094,113.75847625732422,29.051410675048828,40.81260681152344,4.630240440368652,15.693307876586914,5.475698947906494,3.937720060348511,-9.705007553100586,13.545859336853027,-4.538777828216553,6.98288631439209,-5.044283390045166,6.352932929992676,-3.341721534729004,10.279284477233888,-7.220952987670898,7.003214359283447,2.7127223014831543,6.1241455078125,unsober
0.4369321465492248,1779.2177779461297,2087.23407444856,3428.423713235294,0.079345703125,-263.7391357421875,116.1493148803711,31.68610191345215,40.00822067260742,1.6218698024749756,14.98692798614502,5.859830856323242,-1.0104528665542605,-9.884221076965332,10.005367279052734,-6.097575664520264,6.915538311004639,-3.866027593612671,5.036229133605957,-5.539304256439209,9.987074851989746,-6.26797342300415,6.417186737060547,2.989629983901977,7.445865631103516,unsober
0.4267604649066925,1911.3822033784488,2168.491144906224,3711.0073121126034,0.0819505423553719,-265.1077575683594,107.9994125366211,29.995019912719727,38.90266799926758,2.7557413578033447,14.455206871032717,6.298399925231934,-0.7946333289146423,-8.174020767211914,11.661563873291016,-3.895022630691528,8.056167602539062,-4.633780479431152,5.274000644683838,-1.9112749099731443,9.194729804992676,-5.40967321395874,5.011938095092773,4.766909599304199,6.463149547576904,unsober
0.469456285238266,2002.8128403827004,2134.39915340531,3857.821116727941,0.0834577971813725,-252.10255432128903,106.15388488769533,26.22638511657715,45.368141174316406,5.216642379760742,11.381004333496094,8.494894981384277,0.5258554220199585,-8.39535140991211,13.137691497802734,-2.097630023956299,10.010713577270508,-1.6477794647216797,3.430706024169922,0.4023846983909607,10.128247261047363,-2.95270037651062,3.698721170425415,6.517858982086182,4.454523086547852,unsober
0.4282527565956116,1995.6811938841504,2206.2436828982954,3803.2742529800257,0.0880668089561855,-255.0884552001953,107.9176788330078,32.39714050292969,40.6460075378418,3.5432965755462646,12.255070686340332,5.826180458068848,1.4653782844543457,-9.517163276672363,10.780134201049805,-2.6963155269622803,6.685717582702637,-2.76284122467041,4.456408500671387,-1.1417946815490725,9.406405448913574,-6.667150974273682,4.041590213775635,4.702985763549805,6.278850078582764,unsober
0.4203331172466278,1971.651559821572,2103.036131944283,3778.4920070482335,0.0982825237771739,-241.11550903320312,103.62576293945312,24.855318069458008,47.70894241333008,8.576539993286133,10.66871452331543,5.056275844573975,0.9491852521896362,-12.232377052307127,10.073423385620115,-3.601959466934204,-0.004203368909657,-3.378807783126831,5.06237268447876,0.2053715735673904,3.206329107284546,-1.5715051889419556,2.340906143188477,2.6307127475738525,6.988839626312256,unsober
0.4558614194393158,1837.4330295127425,2124.547131247243,3537.8413134282177,0.0871171101485148,-246.064453125,103.408935546875,29.83867835998535,42.01552200317383,9.599359512329102,12.432819366455078,4.621179580688477,-1.062194585800171,-10.090651512145996,10.668051719665527,-3.2048816680908203,1.917622685432434,-1.6875979900360107,4.590099811553955,1.0958352088928225,3.67325758934021,-2.670574903488159,1.80571722984314,5.298913955688477,5.673934459686279,unsober
0.4071212410926819,1904.641107770552,1992.470923703292,3518.622169066012,0.1042837078651685,-226.1748962402344,110.6611099243164,24.57965660095215,38.35004425048828,7.373775959014893,10.027139663696287,0.7416915893554688,-7.059484481811523,-12.17110538482666,12.163207054138184,-1.4995464086532593,2.476327896118164,-0.1465255916118621,5.611072063446045,0.5817009806632996,4.224799156188965,-4.754388332366943,4.225852489471436,5.241711139678955,0.8594884872436523,unsober
0.4461621344089508,1927.5681820721124,2078.4990148334705,3630.9513774671054,0.0944387335526315,-269.6539611816406,108.38097381591795,26.17323112487793,39.34835433959961,6.14200496673584,15.457627296447754,6.881504535675049,-3.0626425743103027,-9.761884689331056,10.277129173278809,-3.2410531044006348,3.2392828464508057,-4.560703277587891,4.052118301391602,-1.2964731454849243,4.375580310821533,-2.3933305740356445,2.83711314201355,4.712724208831787,3.8490748405456543,unsober
0.4773759543895721,1662.9286155287075,1942.0002039580472,3189.3696032072367,0.0805492735745614,-258.77276611328125,124.5516357421875,23.3170166015625,31.75642967224121,6.664092540740967,11.316826820373535,8.679067611694336,0.3614293932914734,-6.105794429779053,9.930658340454102,-4.380261421203613,1.90525496006012,-3.995029211044312,3.365745782852173,-3.179875373840332,5.813347339630127,-4.017026901245117,2.6385819911956787,2.097370386123657,3.522388458251953,unsober
0.4118864238262176,1938.455433235799,2157.874187501536,3660.8688354492183,0.0916748046875,-259.162109375,108.76013946533205,30.55206298828125,37.61094665527344,3.1979777812957764,11.688130378723145,7.400296688079834,0.6237640380859375,-10.68101406097412,13.15088939666748,-4.63809061050415,2.192904472351074,-4.768260478973389,2.7075889110565186,-1.7589489221572876,6.631892681121826,-4.042307376861572,5.292111873626709,2.7615203857421875,4.634505748748779,unsober
0.4744473993778229,1679.8498493672028,1999.357247173524,3146.1051694808466,0.0795189642137096,-285.5500183105469,118.4853515625,27.27649307250977,39.42519760131836,9.544844627380373,13.085902214050291,7.739274978637695,-1.066920518875122,-9.35396671295166,10.794679641723633,-1.2041834592819214,3.10107970237732,-3.8708438873291016,2.1257035732269287,-1.2514933347702026,7.614284992218018,-4.564888954162598,3.5377120971679688,3.529338121414185,5.333024024963379,unsober
0.4655483961105346,1768.7333736067371,2046.933567202292,3333.378642314189,0.0814241976351351,-275.2127685546875,113.4477996826172,30.83173942565918,44.64102554321289,7.6492743492126465,14.406258583068848,6.413074970245361,0.0316609479486942,-9.80961799621582,12.653879165649414,-3.743389844894409,5.964258670806885,-4.932775497436523,6.557599067687988,-4.452676296234131,10.067140579223633,-5.197239875793457,8.041626930236816,3.728030204772949,5.967080116271973,unsober
0.5205575227737427,2313.076751202227,2344.0457654980537,4756.778704533812,0.1075579533811475,-338.2073059082031,87.07429504394531,-3.3394250869750977,32.26913070678711,12.844261169433594,-3.1522834300994877,-3.697745323181152,9.506796836853027,-6.724302768707275,1.27836811542511,0.0166093166917562,2.8939011096954346,3.954105854034424,4.086905956268311,-6.28177547454834,2.7431423664093018,-0.960883378982544,4.095121383666992,-2.829977512359619,-1.2779866456985474,sober
0.5421915650367737,2375.554401765761,2494.0840688658614,5169.151893028846,0.1012244591346153,-415.2231140136719,88.8361587524414,3.69097900390625,29.557876586914062,16.053043365478516,0.2522690296173095,1.4066208600997925,12.642274856567385,-6.546058654785156,2.74941349029541,-0.3575182855129242,0.1809944361448288,6.301419734954834,1.3532919883728027,-5.540103435516357,4.119358062744141,-2.714807748794556,2.0668201446533203,-2.153872489929199,2.590965986251831,sober
0.5856691598892212,2426.80028825574,2428.312707980734,5065.5029296875,0.1153871704931972,-374.6964416503906,87.50757598876953,0.6950770020484924,33.53633117675781,14.25193691253662,0.0332685187458992,1.3620636463165283,10.31114673614502,-7.081942558288574,2.6910860538482666,0.7262062430381775,1.956421494483948,5.033413887023926,1.777743577957153,-7.402798652648926,4.621631622314453,-1.2608699798583984,4.679444313049316,-3.262802124023437,1.9141985177993772,sober
0.5468525886535645,2350.748468441362,2402.2113122218298,4952.296003510681,0.1146842859968354,-389.4308776855469,90.53406524658205,4.626986503601074,30.788558959960938,10.75334358215332,-2.3015294075012207,1.6186805963516235,9.10519313812256,-8.04148006439209,3.0656988620758057,0.0818274766206741,2.717789649963379,5.159849166870117,0.0564872287213802,-7.879271030426025,2.1769981384277344,-0.0516949892044067,5.55986213684082,-3.3586370944976807,0.2593782544136047,sober
0.5456144213676453,2436.195662556152,2468.5932257823,5229.296740115677,0.1194346728245856,-403.6299133300781,89.47579956054688,0.3682018220424652,27.81113052368164,11.19842529296875,0.5437198877334595,0.762396514415741,8.812024116516113,-6.880684852600098,1.4810450077056885,-0.0759418159723281,3.194221973419189,3.201637983322144,2.359206199645996,-6.682137489318848,2.514268636703491,-1.5821634531021118,4.037903308868408,-2.6070265769958496,0.9611555337905884,sober
0.557058572769165,2506.24532487883,2482.7543861123177,5335.759100856551,0.1223791650978915,-397.9873352050781,84.618896484375,-0.6216670870780945,29.420394897460938,13.963261604309082,1.053575038909912,1.8214107751846316,10.430583000183104,-7.913918495178223,0.8131703734397888,1.652923583984375,3.4342291355133057,4.2896409034729,2.164326906204224,-7.215096950531006,3.453193426132202,-0.9749632477760316,2.07222580909729,-1.5831276178359983,-0.3676380813121795,sober
0.5604336857795715,2451.0641683436675,2443.650609654645,5202.039377312911,0.11541748046875,-382.1545104980469,86.85760498046875,-0.8663876056671143,30.85977935791016,13.51318073272705,0.4713295400142669,1.7034237384796145,10.789281845092772,-8.671216011047363,2.724792003631592,0.8335720300674438,3.161426305770874,5.348663330078125,3.583599328994751,-7.615587711334228,3.094714403152466,-2.262225389480591,1.9526249170303345,-3.365896701812744,1.0001821517944336,sober
0.5555180311203003,2460.4357322805104,2486.7580476337903,5252.435302734375,0.1119355701264881,-395.9295349121094,86.31163787841797,1.6342028379440308,29.073823928833008,12.9026517868042,0.2773531973361969,1.6297376155853271,9.76900577545166,-6.419074058532715,3.0232367515563965,0.4875743389129638,3.235877275466919,5.639437675476074,1.7902482748031616,-6.100462913513184,2.2560534477233887,-1.029209852218628,3.637716293334961,-3.405519723892212,0.3917357921600342,sober
0.5575238466262817,2399.395389479748,2421.982628547172,5087.068866751048,0.1096177767108938,-386.3917236328125,85.86521911621094,0.6539633870124817,29.11811828613281,15.786948204040527,0.634114682674408,1.6770825386047363,9.542258262634276,-7.638648509979248,1.5405914783477783,1.490939378738403,1.3910515308380127,4.47851037979126,2.531255006790161,-6.42816686630249,3.551952123641968,-2.1186180114746094,1.7592036724090576,-1.7544816732406616,1.3076939582824707,sober
0.5592522025108337,2416.46778131733,2385.522636836066,5053.181966145833,0.1154203869047619,-376.9631958007813,86.76641845703125,0.6877848505973816,29.45965003967285,13.329851150512695,-4.4460296630859375,3.3514347076416016,10.196600914001465,-11.279407501220703,1.1595531702041626,0.5010679364204407,-0.5672585368156433,4.999997615814209,1.384443998336792,-6.986906051635742,4.919469356536865,-0.8559306263923645,-0.1541615575551986,-2.5572993755340576,0.0012105306377634,sober
0.5956310033798218,2445.306281760425,2650.379113746872,5278.544657939189,0.0965688344594594,-388.4756774902344,84.1523208618164,8.13276481628418,29.70645523071289,20.65666961669922,7.296963214874268,11.76946258544922,9.549047470092772,-4.046070098876953,6.081480979919434,3.974923849105835,2.0760538578033447,1.480080485343933,4.436941146850586,2.761605978012085,5.902257919311523,-4.247561931610107,5.9699811935424805,0.8363837003707886,2.6024906635284424,unsober
0.5792754888534546,2399.163636061466,2743.9845531309284,5569.888490188953,0.0864394077034883,-441.7659301757813,85.91019439697266,12.982110977172852,28.473737716674805,17.433862686157227,11.030232429504396,13.234447479248049,12.895773887634276,0.3876632452011108,6.777243137359619,5.799464225769043,1.280983805656433,3.769141674041748,1.8319746255874636,-0.6004220843315125,3.4051225185394287,-4.748764514923096,5.713881969451904,-3.5892486572265625,3.207481384277344,unsober
0.5707602500915527,2578.806435856993,2686.966136835462,5559.591757284628,0.1029591603322072,-407.2767333984375,83.77131652832031,7.955520153045654,26.74098396301269,17.35950469970703,6.046937465667725,11.05760383605957,6.562667369842529,-4.945714950561523,6.545450687408447,2.1949779987335205,-0.311897724866867,4.189451694488525,4.734809875488281,0.955189049243927,4.564637184143066,-5.351511001586914,5.262697696685791,0.1029964908957481,0.6047606468200684,unsober
0.5942873954772949,2598.1632512456526,2728.568009363004,5719.634111278553,0.1075730686865482,-415.050048828125,65.78553009033203,15.333181381225586,26.9127140045166,20.76894760131836,9.812247276306152,12.109968185424805,10.350183486938477,-0.8364803194999695,4.764561653137207,1.7312248945236206,1.3155285120010376,1.7844444513320925,1.4087178707122805,0.7310943007469177,3.135208368301392,-3.778622150421143,2.6222660541534424,1.486299753189087,1.4296332597732544,unsober
0.6012783050537109,2611.0767729766467,2722.5823548169906,5801.766844291908,0.1105519553829479,-420.2677612304688,79.15319061279297,11.875799179077148,32.15694046020508,19.60005569458008,8.916600227355957,11.239616394042969,9.793906211853027,-5.482357025146484,5.046615123748779,1.9055119752883911,0.8702428936958313,2.6607112884521484,2.1804773807525635,0.4668696522712707,4.585937023162842,-5.760421276092529,3.870696544647217,-2.066592216491699,0.7168406844139099,unsober
0.5407537221908569,2272.498948836379,2584.54895052186,5131.207646322514,0.0908985454074585,-392.0438537597656,84.63725280761719,20.52724266052246,29.558809280395508,20.40819549560547,5.192971706390381,10.017632484436035,7.652853488922119,-6.922223567962647,4.1743998527526855,2.725522041320801,1.4502836465835571,2.878653287887573,2.711246967315674,1.4672216176986694,4.070430755615234,-5.49746036529541,0.9580042958259584,-1.8106883764266968,-2.054368257522583,unsober
0.5464597344398499,2217.575127019437,2471.821254807296,4611.363782380757,0.0969495271381579,-375.6457214355469,92.4749984741211,5.37900972366333,26.98621940612793,18.6216983795166,5.954097747802734,13.021841049194336,9.66552448272705,-1.8904905319213867,10.149486541748049,-0.918250858783722,0.0156524553894996,3.1518447399139404,1.0274288654327393,0.9605040550231934,3.7473256587982178,-7.183202743530273,3.688969612121582,-1.5907965898513794,2.4677484035491943,unsober
0.521470308303833,2196.0876948152177,2446.1485236962426,4666.431015343975,0.0938413331834532,-347.8961181640625,79.54634857177734,16.283262252807617,29.134265899658203,19.38750267028809,4.267414569854736,11.249478340148926,10.567394256591797,-5.597449779510498,5.403421401977539,1.2063647508621216,0.2314712256193161,1.4145206212997437,-0.0651428997516632,0.4414058029651642,2.9725372791290283,-5.579323768615723,1.8223905563354488,-1.6371666193008425,1.3494131565093994,unsober
0.6004940867424011,2359.9838816140955,2656.377356815816,5309.135460486779,0.0899526742788461,-414.50628662109375,75.60750579833984,14.40078067779541,23.66236114501953,18.95029830932617,9.676373481750488,14.556720733642578,9.999510765075684,-1.0712013244628906,7.68357515335083,2.192378520965576,1.5253843069076538,2.7019271850585938,2.218477249145508,1.2232683897018433,4.318939685821533,-3.4652528762817383,2.952960729598999,-0.9121177792549132,0.8310959339141846,unsober
0.530465841293335,2639.673742675233,2697.2958529406656,5614.221954345703,0.1128133138020833,-398.1512145996094,78.63568878173828,3.660409927368164,29.38861083984375,19.73930549621582,3.832789421081543,11.467846870422363,8.50130844116211,-4.392722129821777,9.463257789611816,1.78730309009552,3.0633790493011475,4.14896297454834,2.077743530273437,2.289907932281494,6.882478713989258,-2.9496729373931885,6.879974365234375,-2.731370210647583,2.641639947891236,unsober
0.5330256223678589,2558.1344671759844,2384.205763820779,5109.111328125,0.12705078125,-413.1313171386719,88.30065155029297,-1.7357680797576904,24.241458892822266,5.751070499420166,9.541037559509276,7.382928848266602,1.517966389656067,-8.175755500793457,10.002215385437012,-1.7057124376296997,5.4180192947387695,3.520545959472656,-3.425477981567383,-0.6349579095840454,5.555387020111084,-9.519464492797852,2.3864567279815674,-3.9431304931640634,2.2017924785614014,sober
0.5413402318954468,2644.758403136153,2403.550352732578,5240.269470214844,0.1378750271267361,-427.9007873535156,86.10287475585938,0.1239204406738281,25.3275089263916,8.748767852783203,11.495660781860352,4.147936820983887,4.178882122039795,-5.862998962402344,5.545802593231201,-2.901149034500122,5.174436092376709,4.133239269256592,-2.271453857421875,-0.1126758009195327,3.5493931770324707,-8.504642486572266,3.3190155029296875,-4.636674880981445,3.2638638019561768,sober
0.5507752895355225,2605.944800534661,2400.00530045262,5216.563951646959,0.1294631545608108,-419.414794921875,85.58917999267578,-4.36513090133667,30.44470596313477,9.72797393798828,10.720541954040527,2.7859013080596924,0.8241807222366333,-6.71821928024292,7.138249397277832,-5.8437700271606445,4.855678081512451,3.8694026470184326,-1.4920997619628906,-1.439104676246643,2.5359292030334477,-11.065230369567873,3.9775757789611816,-6.209355354309082,1.3559077978134155,sober
0.5448572039604187,2625.22529322144,2467.8544932202662,5354.967619243421,0.1315468236019736,-444.2209167480469,85.4777603149414,1.5661388635635376,25.251649856567383,8.370168685913086,11.19437313079834,4.250563144683838,4.641844749450684,-6.569937229156494,6.145163059234619,-0.5561338067054749,5.402622222900391,3.794360399246216,0.7062985301017761,-1.2927360534667969,3.8455677032470703,-9.497048377990724,2.487569808959961,-5.501614093780518,2.238181829452514,sober
0.5056659579277039,2101.810236109096,2395.733411562137,4607.748564830801,0.0832452089088397,-436.3538208007813,93.20135498046876,20.39324951171875,32.14942932128906,14.744261741638184,15.67380142211914,8.920519828796387,6.754724979400635,-3.577420949935913,7.135631561279297,-4.216361045837402,8.521075248718262,3.593641519546509,-0.9807778596878052,2.361037015914917,5.284862995147705,-4.046380519866943,5.548480987548828,-4.104840278625488,5.57162618637085,unsober
0.4764706790447235,2220.9044753478074,2378.571103221245,4660.592651367188,0.094769287109375,-431.8475646972656,92.77586364746094,18.755260467529297,29.7865047454834,14.165867805480955,15.82579231262207,8.503204345703125,6.2293853759765625,-4.5265984535217285,5.924203395843506,-4.15762996673584,8.333475112915039,1.1511913537979126,-3.702756404876709,2.5774245262146,5.845257759094238,-6.127079963684082,4.113961219787598,-4.430123805999756,3.010157346725464,unsober
0.5463529229164124,1820.672706464296,2256.222161383314,3890.0927734375,0.0674967447916666,-421.9795227050781,107.8579559326172,19.229890823364254,28.208681106567383,14.213983535766602,13.154011726379396,7.750481605529785,6.158799171447754,-1.9072402715682983,6.69990348815918,-4.37354040145874,7.9429931640625,5.786927700042725,-1.3169511556625366,3.6045854091644287,6.206894874572754,-4.4875006675720215,5.711275100708008,-1.1749218702316284,5.901256084442139,unsober
0.5689558386802673,1807.9589283784408,2301.168728107392,3974.0571227254745,0.0634044534546413,-436.4258728027344,109.48231506347656,15.972118377685549,27.90256690979004,12.474760055541992,11.499245643615724,9.353389739990234,6.8605241775512695,-2.192361354827881,7.243410587310791,-3.7596545219421382,5.933777332305908,5.143266201019287,-0.5162391662597656,2.720670223236084,4.477545261383057,-5.352969646453857,3.730776786804199,-0.7192608118057251,8.222358703613281,unsober
